from_branch_id,cnt
65518ba39e7195000748b680,4
6911522e0be6a500075583a0,3
6524bde855312500077202a7,4
65e14224e51127000785ada6,2
69312538c40759000766f47e,5
648806ab6a32d400082a7b0a,5
67ce979e9f66e40007eff3c6,5
692d54e424b14a0007086542,4
66b2f0fd57c7b800076a22a8,5
62b2805dbae44600073fbc1b,10
668f8c2809240a00074ece84,3
63b7a45f4563c90007432210,4
67e4fae39f66e40007035156,4
6488167c7a4f870007bba6fe,2
62d9039a058d5b000705074e,13
69d080171d4e62000759185b,2
68b7a11875529c0007e5526e,4
650b07266050f60007fc77d8,4
69c38228b08bf3000791492f,3
6613737652f1980007f2b1f7,8
69db65a7c3c1e5000793e0c1,3
6a153edb8b59ca00077d438e,6
6597cbd9bc8fb7000758f6ad,5
689eecacb3d8810007af25bc,6
69cc94a4b08bf30007990e0b,4
68c7aee2399adf00077e4d4b,8
66725abe47919600076456b6,7
6a2b86a628ed4000072de7ec,1
69b9139dbc71100007cee4ef,2
69b9285b8abcc600073ae0ae,4
69e1e057f12d750007a9b949,5
64f834e22d0e52000700ebdf,3
5fdc15c1bd89c10006f15750,14
63ad67fbacd66d0007bb45d9,3
6721cd0360a70c00076998be,3
651a1e7d55312500076e4a13,4
688c2d13c7e1e90007745812,6
67ef7f76fb718a00073d0801,15
67346361933ceb0007135094,4
66bb247e3bfe060007747d23,5
692d572b24b14a000708679b,4
69bcfe271d4e62000748714a,3
67495c4609d65b00079d2e01,3
666114d4479196000731e1ab,5
640ec016887f3200078fd4f3,4
63c7d3dcdb57770008afad8e,4
687895cf6182270007a56c6b,6
68255e26015d5d0007e62859,2
667a9a75e2bdbb0007487c75,4
6348d6ce5e90020007cb0107,3
68a7f09edf88a80007517cc0,3
65165a066050f60007010b47,3
65f3c149e4996900075ae6ed,3
69f1cdba7fae33000738347a,6
669f870b9fa5190007fa3f8c,3
697ac5064dd0950007d45aa6,7
6943c9d33be50900073d31e2,3
69eb3ba67fae330007298916,5
62342319b35d1d00073795c6,7
68e86a9e4eb0df0007cc45b5,2
6a22a86b93123b0007c20be0,3
6a0e6f827fae3300076b2c70,6
69d852f6dd38820007fa7244,3
69ccd40bb08bf30007997f82,3
694e56bac37a7f0007d58686,3
5fdc170ebd89c10006f15b7c,404
651e1c8e55312500076fff4b,5
62b27fdcbae44600073fbaf5,3
5e10d626f84a8c73f79ba001,14
69afcd6ab08bf30007810033,3
5ff2d5c1c3ee7e0007343d32,5
65308c671906f000078ea0b4,5
6a0bd390edaa620007f2560a,3
67b2e6e3689a000007ac54e2,4
6593b4a0bc8fb70007565e32,4
68ae6be13555120007a96798,4
64e5b8510785620007062655,7
678daf46689a000007965e7a,12
66f53871ea31f60007620596,3
69e8686937bc2f00075ec115,3
64489166e5e99d0007d2bec0,3
690960ff32642700071109a8,3
691aaa19f0ce5e00077df5c6,2
68df2628a58cc600077b640b,1
6a3e383fe20b440007640326,202
69266f8b349a230007e6b999,7
68e312e22d6727000737f099,3
6938e97a3be5090007360eb8,3
66432e4d3b0769000727e02b,5
69266fefdd35de0007bab037,4
6952331172d4cd00071f1b8d,4
6669739613b34f00077a0b6c,4
6a1e3975960fc20007f9c292,2
69a956ab8abcc600072f04ea,6
672ad0bc60a70c00076fe50d,7
670cbb64cc68cd000708e8d2,5
692d57d66049bf00077a3574,5
64d738ec07856200070254bc,3
68f854438666b80007c3bb98,2
650ab6c9553125000768aa66,7
69a67b9cbc71100007bfab4e,3
6348c6095e90020007caf5ab,3
6a268edcf776c400078de6de,5
68e5c951a58cc6000780aeed,3
6a28c4cb28ed4000072a9026,4
6985cedbe9c73d000715db39,5
6899741904ce330007b3e061,3
6a22a8f6960fc20007ff5c2d,7
673dafb4a6fdf500073bd158,6
6982f5f1d360600007807f7b,41
68fb3e9dcd25d90007fa22f6,3
669fb56e2abb6e0007fcc026,3
67c02b974113510007902956,3
67ab15c4137ece00075546a9,4
69e82a762245e900071d10cf,3
64b8960e0785620007fa60a4,5
6948914efc7a840007b0a788,3
69b8d5c2bc71100007ce78b6,1
66f10a169ee7750007a1af5e,3
61d4ffa72997ae0007f5ad19,316
69b38e588abcc60007367ead,3
66583b50b902ae00077828c7,6
69aa8f9f1d4e62000739e121,5
690c18cf6c988800070e4ea3,9
68215fac015d5d0007e322d1,3
64e5b7bdc7f253000811c178,2
69d3163a8abcc6000750b5b7,3
633110655a03c4000739fa74,3
66e8ef13fe604e0007edcc88,3
69e0620df12d750007a8393a,3
69afcf208abcc600073373b7,2
64a6484bc7f25300080140d6,2
65f3c088e4996900075adfb1,4
6234219eb35d1d00073793ab,66
626104b7866a62000765c3eb,4
67f7d5cdfb718a00074240a6,5
6960bad455fb96000792bc1c,3
66a062bc2c8383000772ca31,4
5dbaa042c3d56256ab935975,18
690998bf122dbb000648116f,4
6425088cfb156b0007e2f6ff,5
6357768d758abb0007e6bbe5,2
69d6137bdd38820007f866ec,4
69b8f561b08bf300078825a8,4
662f567352944400073e8610,3
69d85265dd38820007fa7191,3
66f1091cb079a50007d9d03d,3
66de5d27e6197e0007ce7de7,8
69d85356f12d750007a13d9d,3
64c1ea1cc7f253000808dda5,4
67b2bca289a2a00007385dcd,5
6861f42212aaff0007be31d0,3
68c0de9e75529c0007ec700c,4
66825a7ae2bdbb0007dc7bca,2
69cc5e401d4e62000755128a,3
61c02bfa0d72c5000713fba7,3
681c25f5c0da0b0007578faa,1
681817188f3b090007d1d409,2
66bd7b849f885d0007c32e51,6
67e0d4a1585f6f00079ce754,4
687082c129ef2d0007ce5bf3,4
69c7ed90b08bf300079525ff,4
6758fd769a7eec00074b4f39,5
67452737b91edc0007d3a5a2,4
68d5d42334a4390007b5e9f4,4
6698837b09240a0007fe460b,1
62342407b35d1d0007379692,10
698068c7c5ba5d0007a19878,3
674992c03a02640007635260,4
6679414ae2bdbb00071c8045,7
6704d90ee592660007bc1a4a,2
694b4b31c37a7f0007d32e0c,5
62b28123bae44600073fbe35,3
65e58662ec5a900007da8570,4
69a7a3b5bc71100007c10a74,3
69d754a0f12d750007a07950,4
6a34ed8d6607ba000703e235,28
69082a0632642700070fca61,2
62faf902296748000777dc31,4
69ae861fb08bf300077fe52e,2
64f8374b2d0e52000700f556,3
61d4ff152997ae0007f5acb9,5
6614aace52f1980007f3502e,5
65642ed4df01db00073f8603,4
66a8df3057c7b800078e6430,6
673a99d8933ceb00071709b4,8
67c91e47fb718a00071df09d,3
69bd0d261d4e620007488eb4,5
62610441866a62000765c13b,4
69cc5dd1b08bf3000798c054,4
693a60513be5090007371a06,4
691189c10be6a5000755e9bc,2
698ad48e39ea690007623cbe,6
6a03e0ce8b59ca00076b64a4,2
69c602a88abcc6000745de5a,3
6a34ed56f23028000774139f,373
687758b86182270007a48966,3
69f816628b59ca0007501251,6
67e9f7edbe2ea00007a88a83,5
693124d7c6e7f800072f54e8,5
657a8471fee44d0007de5d58,6
691a94414789f00007d8115b,4
5f33b053800f55000621b617,5
63c7d46321e0f700084308df,6
69bcfc8e8abcc600073e596d,3
6908567d122dbb000646be64,3
6315b8afae739600076b9ee8,3
69b38df3b08bf300078408e3,5
69baa5c71d4e620007464330,6
695f6babc6e4b20006bd2f16,3
67ff087dad448b0007b51ff4,2
691a8cfb0be6a500075daae6,6
669f541d2abb6e0007f7955b,2
62d90238058d5b0007050500,4
6764a9ddfac80700076292bf,3
65654b82df01db0007400173,1
